{"cameraMode":{"drawMode":0,"name":"Shaded","section":"Shading Mode"},"sceneLighting":false,"audioPlay":false,"sceneViewState":{"showFog":true,"showMaterialUpdate":false,"showSkybox":true,"showFlares":true,"showImageEffects":true,"showParticleSystems":true},"in2DMode":false,"pivot":{"x":597.1964721679688,"y":281.65875244140627,"z":1.9403717517852784},"rotation":{"x":0.005248293746262789,"y":-0.004288765601813793,"z":-0.000020671777747338638,"w":-0.9999770522117615},"size":242.76242065429688,"orthographic":false}